Quantity,Designator,Manufacturer,Manufacturer Part Number,DesignItemId

"1","C32","Rubycon","25YXF220MEFCT78X11.5","CAP ALUM 220uF 25V 8x11.5mm TH"
"6","C2, C6, C11, C13, C16, C17","Taiyo Yuden","UMK107BJ105KA-T","CAP CER 1uF 50V X5R 0603"
"2","C54, C59","Samsung","CL21A475KAQNNNE","CAP CER 4.7uF 25V X5R 0805"
"10","C8, C12, C14, C15, C18, C20, C21, C29, C67, C68","Yageo","CC0402ZRY5V7BB103","CAP CER 10nF 16V Y5V 0402"
"6","C33, C44, C45, C46, C55, C60","Samsung","CL21A106KAYNNNE","CAP CER 10uF 25V X5R 0805"
"3","C23, C24, C26","Samsung","CL05C120JB5NNNC","CAP CER 12pF 50V C0G 0402"
"4","C40, C41, C51, C52","Samsung","CL21A226MQQNNNE","CAP CER 22uF 6.3V X5R 0805"
"3","C31, C38, C49","Samsung","CL05C470JB5NNNC","CAP CER 47pF 50V C0G 0402"
"31","C1, C3, C5, C7, C9, C10, C19, C22, C25, C27, C28, C30, C34, C35, C39, C42, C43, C47, C48, C50, C53, C56, C57, C58, C61, C62, C63, C69, C70, C71, C72","Samsung","CL05A104KA5NNNC","CAP CER 100nF 25V X5R 0402"
"1","C4","Yageo","CC0402JPNPO9BN101","CAP CER 100pF 50V C0G 0402"
"1","C66","Walsin Technologies","0402N221J500CT","CAP CER 220pF 50V C0G 0402"
"2","C64, C65","Samsung","CL05C681JB5NNNC","CAP CER 680pF 50V C0G 0402"
"2","C36, C37","Kyocera AVX","TCJB107M006R0055E","CAP PTANT 100uF 6.3V 20% B"
"1","J1","CUI Devices","SJ-2509N","CONN SPKR JACK RA TH SJ-2509N"
"2","J2, J3","Wurth Electronics","691137710002","CONN TERM 2 5mm 691137710002"
"2","FB1, FB2","Taiyo Yuden","BK1005LL680-T","FB 68R 400mA 310mR 0402"
"1","U1","Texas Instruments","TLV3601DCKR","IC COMP 2.5ns RRIO TLV3601DCKR"
"1","U9","TI National Semiconductor","LP3962EMP-3.3/NOPB","IC LDO 3.3V 1.5A SOT-223 LP3962EMP-3.3/NOPB"
"1","U5","ON Semiconductor","MC14024BDG","IC LOGIC 7B COUNTER"
"1","U4","Texas Instruments","SN74LVC2G34DBVR","IC LOGIC INVERTER 2x 50mA"
"5","U2, U3, U6, U7, U11","Texas Instruments","TLV172IDR","IC OPAMP 10MHz 36V RRO TLV172IDR"
"2","U8, U10","Diodes","AP63357DV-7","IC REG BUCK 32V 3.5A AP63357DV-7"
"2","L1, L2","Taiyo Yuden","NRS5030T6R8MMGJ","IND 6.8uH 2.3A 67mR 5050"
"2","L3, L4","Taiyo Yuden","NR8040T220M","IND 22uH COMBO 8x8smd toroid 2A+"
"1","MK1","CUI Devices","CMM-2718AT-42308-TR","MICROPHONE MEMS SMD CMM-2718AT-42308-TR"
"4","D1, D2, D3, D4","ON Semiconductor","NSR05T40XV2T5G","NSR05T40XV2T5G"
"20","R1, R2, R3, R5, R12, R13, R15, R16, R18, R21, R22, R23, R24, R25, R26, R27, R28, R29, R50, R51","Stackpole Electronics","RMCF0402ZT0R00","RES 0R 63mW 0402"
"2","R4, R6","Panasonic","ERA-2AEB103X","RES 10k00 0.1% 63mW 0402"
"10","R8, R9, R11, R14, R38, R43, R44, R45, R47, R49","Yageo","RC0402FR-0710KL","RES 10k0 1% 63mW 0402"
"8","R34, R35, R36, R37, R39, R40, R41, R42","Samsung","RC1005F100CS","RES 10R0 1% 63mW 0402"
"2","R7, R10","Stackpole Electronics","RMCF0402FT15K0","RES 15k0 1% 63mW 0402"
"2","R31, R33","Yageo","RC0402FR-0730KL","RES 30k0 1% 63mW 0402"
"1","R17","Samsung","RC1005F333CS","RES 33k0 1% 63mW 0402"
"4","R19, R20, R46, R48","Stackpole Electronics","RMCF0402FT100K","RES 100k 1% 63mW 0402"
"2","R30, R32","Yageo","RC0402FR-07120KL","RES 120k 1% 63mW 0402"
"2","VR1, VR2","Bourns","TC33X-2-203E","RES POT 20k 1T 0.1W"
"39","TP1, TP2, TP3, TP4, TP5, TP6, TP7, TP8, TP9, TP10, TP11, TP12, TP13, TP14, TP15, TP16, TP17, TP18, TP19, TP20, TP21, TP22, TP23, TP24, TP25, TP26, TP27, TP28, TP29, TP30, TP31, TP32, TP33, TP34, TP35, TP36, TP37, TP38, TP39","","","TP 1mm"
"8","Q1, Q2, Q3, Q4, Q7, Q8, Q9, Q10","Diodes","DMC31D5UDJ-7","TRANS CMOS 30V SOT963 DMC31D5UDJ-7"
"2","Q5, Q6","Taiwan Semiconductor","TSM6502CR RLG","TRANS CMOS 60V 34mR 8-PDFN TSM6502CR RLG"
"1","X1","Abracon","ABLS-4.000MHZ-B4-T","XTAL 4.000MHz 18pF HC-49"
