Quantity,Designator,Manufacturer,Manufacturer Part Number,DesignItemId

"1","C39","Panasonic","ECA-0JM471","CAP ALUM 470uF 6.3V 6.3x11.2mm TH"
"12","C4, C9, C15, C18, C23, C34, C38, C50, C56, C63, C65, C66","Taiyo Yuden","UMK107BJ105KA-T","CAP CER 1uF 50V X5R 0603"
"1","C51","Taiyo Yuden","LMK105BJ225MV-F","CAP CER 2.2uF 10V X5R 0402"
"2","C12, C49","Samsung","CL21A475KAQNNNE","CAP CER 4.7uF 25V X5R 0805"
"9","C7, C14, C16, C17, C20, C21, C33, C37, C41","Yageo","CC0402ZRY5V7BB103","CAP CER 10nF 16V Y5V 0402"
"2","C53, C62","Samsung","CL21A106KAYNNNE","CAP CER 10uF 25V X5R 0805"
"2","C22, C31","TDK","CGA8P2X7R1E106K250KA","CAP CER 10uF 25V X7R 1812"
"3","C13, C24, C27","Samsung","CL05C120JB5NNNC","CAP CER 12pF 50V C0G 0402"
"5","C25, C46, C47, C58, C59","Samsung","CL21A226MQQNNNE","CAP CER 22uF 6.3V X5R 0805"
"2","C71, C72","Samsung","CL05C270JB5NNNC","CAP CER 27pF 50V C0G 0402"
"3","C42, C48, C68","Samsung","CL05C470JB5NNNC","CAP CER 47pF 50V C0G 0402"
"24","C1, C2, C3, C6, C8, C10, C11, C19, C29, C30, C32, C36, C40, C43, C44, C45, C52, C54, C57, C60, C61, C64, C67, C69","Samsung","CL05A104KA5NNNC","CAP CER 100nF 25V X5R 0402"
"1","C5","Yageo","CC0402JPNPO9BN101","CAP CER 100pF 50V C0G 0402"
"1","C28","Walsin Technologies","0402N221J500CT","CAP CER 220pF 50V C0G 0402"
"2","C26, C35","Samsung","CL05C681JB5NNNC","CAP CER 680pF 50V C0G 0402"
"2","C55, C70","Kyocera AVX","TCJB107M006R0055E","CAP PTANT 100uF 6.3V 20% B"
"1","J1","CUI Devices","SJ-2509N","CONN SPKR JACK RA TH SJ-2509N"
"1","","Wurth Electronics","691361300002","CONN TERM 02 PLUG WIRE 691361300002"
"1","J2","Wurth Electronics","691322310002","CONN TERM 02 RA TH 691322310002"
"1","J4","Global Connector Technology","USB4125-GF-A","CONN USBC 6PIN RA"
"1","J3","Global Connector Technology","USB4110-GF-A","CONN USBC 12PIN RA SMD USB4110-GF-A"
"4","D1, D2, D3, D4","ON Semiconductor","NSR05T40XV2T5G","DIODE SHTKY 40V 500mA SOD-523"
"2","TVS1, TVS2","Littelfuse","SZ1SMA22AT3G","DIODE TVS 22V SMA"
"1","FB1","Taiyo Yuden","BK1005LL680-T","FB 68R 400mA 310mR 0402"
"1","U1","Texas Instruments","TLV3601DCKR","IC COMP 2.5ns RRIO TLV3601DCKR"
"1","U4","Toshiba","74VHC574FT","IC FF-D octal HC"
"1","U10","TI National Semiconductor","LP3962EMP-3.3/NOPB","IC LDO 3.3V 1.5A SOT-223 LP3962EMP-3.3/NOPB"
"2","U5, U7","Texas Instruments","SN74LVC2GU04DBVR","IC LOGIC INVERTER 2x 50mA"
"5","U2, U3, U6, U8, U9","Texas Instruments","TLV172IDR","IC OPAMP 10MHz 36V RRO TLV172IDR"
"2","U11, U13","Diodes","AP63357DV-7","IC REG BUCK 32V 3.5A AP63357DV-7"
"1","U12","Maxim","MAX77958EWV+","IC USBC POWER CONTROLLER STANDALONE MAX77958EWV+"
"1","L6","Taiyo Yuden","NRS5030T6R8MMGJ","IND 6.8uH 2.3A 67mR 5050"
"1","L5","Murata","1255AY-6R8M=P3","IND 6.8uH 3.4A 43.2mR 6363"
"2","L2, L4","Taiyo Yuden","NR8040T220M","IND 22uH COMBO 8x8smd toroid 2A+"
"2","L1, L3","TDK","MHQ1005PR10JT000","IND 100nH 0.15A 2R5 5% 23Q 0402"
"1","LED1","Kingbright","APHHS1005CGCK","LED GREEN CLEAR 0402"
"1","MK1","CUI Devices","CMEJ-4618-42-L015","MICROPHONE ELECTRET TH CMEJ-4618-42-L015"
"18","R2, R6, R7, R12, R13, R15, R20, R21, R22, R23, R26, R28, R30, R33, R40, R41, R48, R49","Stackpole Electronics","RMCF0402ZT0R00","RES 0R 63mW 0402"
"2","R54, R56","Stackpole Electronics","RMCF0603ZT0R00","RES 0R 100mW 0603"
"2","R5, R24","Yageo","RC0402FR-071ML","RES 1M00 1% 63mW 0402"
"1","R1","Yageo","RC0402FR-072K2L","RES 2k20 1% 63mW 0402"
"2","R52, R53","Yageo","RC0402FR-075K1L","RES 5k10"
"2","R38, R39","Panasonic","ERA-2AEB103X","RES 10k00 0.1% 63mW 0402"
"9","R10, R14, R16, R17, R25, R27, R31, R35, R55","Yageo","RC0402FR-0710KL","RES 10k0 1% 63mW 0402"
"8","R3, R4, R8, R9, R42, R43, R44, R45","Samsung","RC1005F100CS","RES 10R0 1% 63mW 0402"
"2","R18, R19","Stackpole Electronics","RMCF0402FT15K0","RES 15k0 1% 63mW 0402"
"2","R47, R51","Yageo","RC0402FR-0730KL","RES 30k0 1% 63mW 0402"
"1","R36","Samsung","RC1005F333CS","RES 33k0 1% 63mW 0402"
"5","R11, R29, R32, R34, R37","Stackpole Electronics","RMCF0402FT100K","RES 100k 1% 63mW 0402"
"1","R46","Yageo","RC0402FR-07120KL","RES 120k 1% 63mW 0402"
"1","R50","Panasonic","ERJ-2RKF1583X","RES 158k 1% 100mW 0402"
"2","VR1, VR2","Bourns","TC33X-2-204E","RES POT 200k 1T 0.1W 25%"
"43","TP2, TP3, TP4, TP5, TP6, TP7, TP8, TP9, TP10, TP11, TP13, TP14, TP15, TP16, TP17, TP18, TP19, TP20, TP21, TP22, TP23, TP24, TP25, TP26, TP27, TP28, TP29, TP30, TP31, TP32, TP33, TP34, TP35, TP36, TP37, TP38, TP39, TP40, TP41, TP42, TP43, TP45, TP46","","","TP 1mm"
"4","TP1, TP12, TP44, TP47","KOA Speer","RCWCTE","TP CLIP 1206 RCWCTE"
"4","Q2, Q3, Q4, Q5","Diodes","DMC31D5UDJ-7","TRANS CMOS 30V SOT963 DMC31D5UDJ-7"
"2","Q1, Q6","Taiwan Semiconductor","TSM6502CR RLG","TRANS CMOS 60V 34mR 8-PDFN TSM6502CR RLG"
"1","X1","Abracon","ABLS-4.000MHZ-B4-T","XTAL 4.000MHz 18pF HC-49"
